{"lu1": [[6, 8, 6], [12, 12, 12], [4, 12, 4], [4, 12, 4], [4, 4, 20], [4, 4, 20]], "lu2": [[0, 1.5000000000000002, 0, 2.5], [0, 0.19999999999999937, 2.7755575615628914e-17, 1.5749999999999997], [0, 0.10000000000000001, 0.79999999999999993, 1.75], [0, 0.39999999999999847, -0.89999999999999991, 1.2499999999999996], [0, 0.10000000000000001, -0.1875, 0.625], [0, 0.10000000000000001, 0.1875, 0.625]], "lu3": [[1, 0, 0, 0, 0, 1], [1, 0, 0, 0, 0, 1], [1, 0, 0, 0, 0, 1], [8785.0, 2592.0, 5760.0, 0, 0, 1], [1, 0, 0, 0, 1, 0], [1, 0, 0, 0, -1, 0]]}