{"lu1": [[6, 8, 6], [12, 12, 12], [4, 12, 4], [4, 12, 4], [4, 4, 20], [4, 4, 20]], "lu2": [[0, -0.10000000000000003, -2.7755575615628914e-17, 2.1999999999999997], [0, -6.3837823915946501e-16, 2.7755575615628914e-17, 1.5749999999999997], [0, -0.12, 0.6399999999999999, 1.6799999999999999], [0, -0.10000000000000153, -0.69999999999999996, 1.74], [0, -0.10000000000000001, -0.1875, 0.625], [0, -0.10000000000000001, 0.1875, 0.625]], "lu3": [[865.0, 0, 0, 0, 0, 1], [1, 0, 0, 0, 0, 1], [1729.0, 3456.0, 11664.0, 0, 0, 1], [10081.0, 3168.0, 7056.0, 0, 0, 1], [1, 0, 0, 0, 1, 0], [1, 0, 0, 0, -1, 0]]}